condition,trial,commit_sha,amount,size,push_pacing,concurrent,pushed_at_iso,pushed_at_epoch_ms,dispatched_at_iso,dispatched_at_epoch_ms,dispatch_delay_ms,run_id,run_status,timeout
1,1,5e742c3c300abce3eebef031fc4593b552b804ef,1,small,-1,0,2026-03-16T17:44:04Z,1773683044000,2026-03-16T17:44:06Z,1773683046000,2000,23157767124,queued,false
2,1,d1a47f8955093cdf58210bf794d20b67931b6f1f,1,medium,-1,0,2026-03-16T17:44:16Z,1773683056000,2026-03-16T17:44:18Z,1773683058000,2000,23157775598,queued,false
3,1,ddbf1509ca0fad17ca2a1f06d18d7ce7987b3942,1,large,-1,0,2026-03-16T17:44:29Z,1773683069000,2026-03-16T17:44:32Z,1773683072000,3000,23157785745,in_progress,false
4,1,72de09f3cd993fa5d07e1dedfb2c157a84eb6fc7,5,small,-1,0,2026-03-16T17:44:42Z,1773683082000,2026-03-16T17:44:44Z,1773683084000,2000,23157794545,in_progress,false
5,1,e7c427ecf9bde2ba25099de7d410a1c132eafc62,10,small,-1,0,2026-03-16T17:44:56Z,1773683096000,2026-03-16T17:44:57Z,1773683097000,1000,23157803645,queued,false
6,1,54c99d1e19a364d3bb4d050f60b8fc4652735127,50,small,-1,0,2026-03-16T17:45:10Z,1773683110000,2026-03-16T17:45:12Z,1773683112000,2000,23157814452,queued,false
7,1,9e5e3c9d360a091eb604a00d798d8eb1cc6714a5,1,small,-1,5,2026-03-16T17:45:34Z,1773683134000,2026-03-16T17:45:36Z,1773683136000,2000,23157831257,queued,false
8,1,57a275ae9727597d3765e4f6311b8b2be33ac250,1,small,-1,10,2026-03-16T17:46:06Z,1773683166000,2026-03-16T17:46:07Z,1773683167000,1000,23157853826,queued,false
9,1,716db5f35a7fcf06c9e4f3dd3343d5633fd503cc,1,small,1000,0,2026-03-16T17:46:21Z,1773683181000,2026-03-16T17:46:23Z,1773683183000,2000,23157864616,queued,false
10,1,70a02c8d0d11c39750da244e1cf95a678b12b84c,1,small,0,0,2026-03-16T17:46:35Z,1773683195000,2026-03-16T17:46:36Z,1773683196000,1000,23157873322,queued,false
11,1,bd7d88c67cfa02f16c3226ae599cccbf43b0af4a,5,medium,-1,0,2026-03-16T17:46:45Z,1773683205000,2026-03-16T17:46:46Z,1773683206000,1000,23157880425,queued,false
12,1,aa7aab21074326894890f4bbc09b7d53f43e15c1,10,medium,-1,0,2026-03-16T17:46:57Z,1773683217000,2026-03-16T17:46:58Z,1773683218000,1000,23157890659,queued,false
13,1,30c31c56308282956be63f3f9755ce28a253c609,50,medium,-1,0,2026-03-16T17:47:11Z,1773683231000,2026-03-16T17:47:13Z,1773683233000,2000,23157901707,in_progress,false
14,1,2d718c83b28716361e4e256e143cfec5fe1966f4,5,large,-1,0,2026-03-16T17:47:24Z,1773683244000,2026-03-16T17:47:25Z,1773683245000,1000,23157910951,in_progress,false
15,1,21f948a81076fe929ba96d1bad650efa7f184e0d,10,large,-1,0,2026-03-16T17:47:37Z,1773683257000,2026-03-16T17:47:39Z,1773683259000,2000,23157920312,queued,false
16,1,c7b02079ddc785dcc49b1c03854eedcbdf7e16c8,50,large,-1,0,2026-03-16T17:47:54Z,1773683274000,2026-03-16T17:47:56Z,1773683276000,2000,23157931245,queued,false
17,1,a303d5b3211d06cc4741d0fb1bc3f0fdee5707d8,10,medium,1000,0,2026-03-16T17:48:11Z,1773683291000,2026-03-16T17:48:13Z,1773683293000,2000,23157942952,queued,false
18,1,d3c4ec2cb461aaa2593d3c8ece2755d6f0dcac2c,10,medium,0,0,2026-03-16T17:48:27Z,1773683307000,2026-03-16T17:48:29Z,1773683309000,2000,23157954023,queued,false
19,1,55f0df688dab33aa3b9f668ee8756c093fc5538a,50,medium,1000,0,2026-03-16T17:48:43Z,1773683323000,2026-03-16T17:48:45Z,1773683325000,2000,23157964641,queued,false
20,1,e187be65c607b2652310390d9cce4933e311acca,50,medium,0,0,2026-03-16T17:49:00Z,1773683340000,2026-03-16T17:49:02Z,1773683342000,2000,23157976548,queued,false
